<?xml version="1.0" encoding="UTF-8"?>
<project-private xmlns="http://www.netbeans.org/ns/project-private/1">
    <editor-bookmarks xmlns="http://www.netbeans.org/ns/editor-bookmarks/2" lastBookmarkId="0"/>
    <open-files xmlns="http://www.netbeans.org/ns/projectui-open-files/2">
        <group>
            <file>file:/C:/Users/DANIEL1510/OneDrive/Documentos/NetBeansProjects/SistemaVenta/src/Vista/Sistema.java</file>
            <file>file:/C:/Users/DANIEL1510/OneDrive/Documentos/NetBeansProjects/SistemaVenta/src/Modelo/Venta.java</file>
            <file>file:/C:/Users/DANIEL1510/OneDrive/Documentos/NetBeansProjects/SistemaVenta/src/Modelo/Eventos.java</file>
            <file>file:/C:/Users/DANIEL1510/OneDrive/Documentos/NetBeansProjects/SistemaVenta/src/Modelo/VentaDao.java</file>
        </group>
    </open-files>
</project-private>
